{
	"type": "itemTurret",
	"name": "GAC-200",
	"description": "Very heavy and dangerous weapon. Accelerates creoseum kernels at 19500 mph and throws them to the enemies, dealing catastrophical damage.",
	"targetAir": true,
	"health": 25000,
	"powerUse": 150.0,
	"targetGround": true,
	"inaccuracy": 0,
	"size": 4,
	"reloadTime": 40,
	"shootCone": 40,
	"shootSound":"shootBig",
	"rotateSpeed": 25,
	"shots": 1,
	"range": 500,
	"burstSpacing": 10,
	"ammoTypes": {
		"creoseum-kernel": {
			"speed": 40.0,
                        "type": "LaserBoltBulletType",
			"damage": 5000,
			"knockback": 50.0,
			"backColor": "FEFE22",
			"frontColor": "FEFE22",
			"width": 2,
			"height": 70,
                        "splashDamage": 250,
                        "splashDamageRadius": 50,
			"shootEffect": "hitLancer",
			"smokeEffect": "shootSmallSmoke",
			"ammoMultiplier": 1
			}
	},
	"requirements": [
		{ "item": "creoseum-kernel", "amount": 40 },
		{ "item": "turboline", "amount": 10 }
	],
	"category": "turret",
	"research": "amg1"
}