{
	"type": "itemTurret",
	"name": "ATR-61",
	"description": "Cheap artillery turret.",
	"targetAir": true,
	"health": 15000,
	"powerUse": 150.0,
	"targetGround": true,
	"inaccuracy": 1,
	"size": 2,
	"reload": 100,
	"shootCone": 40,
	"shootSound":"shootBig",
	"rotateSpeed": 25,
	"shots": 1,
	"range": 200,
	"burstSpacing": 10,
	"ammoTypes": {
		"creoseum-fragment": {
			"speed": 0.4,
			"lifetime": 1000,
			"damage": 1000,
			"knockback": 50.0,
			"backColor":"FEFE22",
			"frontColor":"FDFD8F",
			"Width": 7,
			"Height": 10,
			"splashDamage": 900,
			"splashDamageRadius": 100,
			"shootEffect": "hitLancer",
			"smokeEffect": "shootSmallSmoke",
			"ammoMultiplier": 1
			}
	},
	"requirements": [
		{ "item": "creoseum-kernel", "amount": 10 },
		{ "item": "turboline", "amount": 3 }
	],
	"category": "turret",
	"research": "amg1"
}